uuid,category,sub_category,name,title,subtitle,summary,website,merchant_editorial,rules,address,city,state,phone,latitude,longitude,detail_url;;
"8ffa5d07-c93f-49bd-ae03-97da5a2cc4ab,Informal Dining and Takeaway,Takeaway,Donut King,One regular hot dog,""Buy one, get one free"",One complimentary REGULAR HOT DOG when another REGULAR HOT DOG of equal or greater value is purchased,https://www.donutking.com.au/,,• Valid at all participating Australian locations (excluding Express Stores where product may not be available),""Shop 12 Rose City Shopping Centre, Grafton Street, Warwick QLD 4370, Australia"",Warwick,QLD,,-28.212298,152.027349,https://www.entertainment.com.au/offer-details/8ffa5d07-c93f-49bd-ae03-97da5a2cc4ab";;
"0274ada2-074d-460d-8dba-887021fce17f,Informal Dining and Takeaway,Takeaway,Donut King,One regular hot beverage,""Buy one, get one free"",One complimentary REGULAR HOT BEVERAGE when another REGULAR HOT BEVERAGE of equal or greater value is purchased,https://www.donutking.com.au/,,• Valid at all participating Australian locations,""Shop 12 Rose City Shopping Centre, Grafton Street, Warwick QLD 4370, Australia"",Warwick,QLD,,-28.212298,152.027349,https://www.entertainment.com.au/offer-details/0274ada2-074d-460d-8dba-887021fce17f";;
"11e8d1f9-4bf6-48a1-b6c5-278727728b0c,Informal Dining and Takeaway,Takeaway,Donut King,One six pack of cinnamon donuts,""Buy one, get one free"",One complimentary SIX PACK OF CINNAMON DONUTS when another SIX PACK OF CINNAMON DONUTS of equal or greater value is purchased,https://www.donutking.com.au/,,• Valid at all participating Australian locations,""Shop 12 Rose City Shopping Centre, Grafton Street, Warwick QLD 4370, Australia"",Warwick,QLD,,-28.212298,152.027349,https://www.entertainment.com.au/offer-details/11e8d1f9-4bf6-48a1-b6c5-278727728b0c";;
"7007ae52-79b8-4ee7-93f3-ec6a900392a3,Informal Dining and Takeaway,Takeaway,Krispy Kreme,One bagel,""Buy one, get one free"",One complimentary BAGEL when another BAGEL of equal or greater value is purchased,www.krispykreme.com.au,""Krispy Kreme Australia is proud to be the first country outside of the USA to make the iconic Original Glazed® doughnut.  Krispy Kreme doughnuts are made fresh daily and are perfect for treating yourself or sharing  at celebrations like birthday’s, parties or sporting events."",""• Valid at all current and future locations";;
"• Available on App Only"",""Pacific Fair Shopping Centre, Tenancy 50, Hooker Boulevard, Broadbeach QLD 4218, Australia"",Broadbeach,QLD,,-28.034387,153.430614,https://www.entertainment.com.au/offer-details/7007ae52-79b8-4ee7-93f3-ec6a900392a3";;
"80d8ccaa-71a0-4c1d-b84b-c37c2c9d01de,Informal Dining and Takeaway,Takeaway,Krispy Kreme,One coffee,""Buy one, get one free"",One complimentary COFFEE when another COFFEE of equal or greater value is purchased,www.krispykreme.com.au,""Krispy Kreme Australia is proud to be the first country outside of the USA to make the iconic Original Glazed® doughnut.  Krispy Kreme doughnuts are made fresh daily and are perfect for treating yourself or sharing  at celebrations like birthday’s, parties or sporting events."",""• Valid at all current and future locations";;
"• Available on App Only"",""Pacific Fair Shopping Centre, Tenancy 50, Hooker Boulevard, Broadbeach QLD 4218, Australia"",Broadbeach,QLD,,-28.034387,153.430614,https://www.entertainment.com.au/offer-details/80d8ccaa-71a0-4c1d-b84b-c37c2c9d01de";;
"1c077d01-b234-4d6e-b9fa-129382002801,Informal Dining and Takeaway,Takeaway,Krispy Kreme,One dozen original glazed doughnuts,""Buy one, get one free"",One complimentary DOZEN ORIGINAL GLAZED DOUGHNUTS when another DOZEN ORIGINAL GLAZED DOUGHNUTS of equal or greater value is purchased,www.krispykreme.com.au,""Krispy Kreme Australia is proud to be the first country outside of the USA to make the iconic Original Glazed® doughnut.  Krispy Kreme doughnuts are made fresh daily and are perfect for treating yourself or sharing  at celebrations like birthday’s, parties or sporting events."",""• Valid at all current and future locations";;
"• Available on App Only"",""Pacific Fair Shopping Centre, Tenancy 50, Hooker Boulevard, Broadbeach QLD 4218, Australia"",Broadbeach,QLD,,-28.034387,153.430614,https://www.entertainment.com.au/offer-details/1c077d01-b234-4d6e-b9fa-129382002801";;
"235f1e60-a57c-4d73-bea4-edc1a041a13b,Informal Dining and Takeaway,Takeaway,Cold Rock Ice Creamery,One regular ice cream,""Buy one, get one free"",""Buy One Regular Size ice cream cup/cone, Get One Regular Size ice cream cup/cone Free (equal or lesser value)."",https://www.coldrock.com.au/,""Treat yourself to Australia’s coolest frozen treats! With over 30,000 combos to choose from, the options are endless. From ice cream cakes and shakes to cups, cones and take-home tubs, you can choose your favourite flavours and Mix-Ins to create your own personalised combo!"",""• Valid IN-STORE ONLY";;
• Mix Ins not included;;
• Valid at all current and future locations;;
• Excludes Mobile Van and Cold Rock Express locations;;
"• For store locations please visit www.coldrock.com.au"",""Corner Ruthven and Alderley Streets, Toowoomba QLD 4350, Australia"",Toowoomba,QLD,,-27.584799,151.949244,https://www.entertainment.com.au/offer-details/235f1e60-a57c-4d73-bea4-edc1a041a13b";;
"24628651-bee0-4e63-8bdf-92eb4a33197d,Informal Dining and Takeaway,Takeaway,Cold Rock Ice Creamery,Up to $10,Enjoy $10 off,$10 off the REGULAR PRICE OF ANY COLD ROCK CAKE PURCHASE OF $60 OR MORE,https://www.coldrock.com.au/,""Treat yourself to Australia’s coolest frozen treats! With over 30,000 combos to choose from, the options are endless. From ice cream cakes and shakes to cups, cones and take-home tubs, you can choose your favourite flavours and Mix-Ins to create your own personalised combo!"",""• Valid IN-STORE ONLY";;
• Valid at all current and future locations;;
• For store locations please visit www.coldrock.com.au;;
"• Excludes Mobile Van and Cold Rock Express locations"",""Corner Ruthven and Alderley Streets, Toowoomba QLD 4350, Australia"",Toowoomba,QLD,,-27.584799,151.949244,https://www.entertainment.com.au/offer-details/24628651-bee0-4e63-8bdf-92eb4a33197d";;
"0dd88e69-835c-4111-a8b2-f6b51ae1e5f1,Informal Dining and Takeaway,Takeaway,Ben & Jerry's,One double scoop choc dipped waffle cone,""Buy one, get one free"",One COMPLIMENTARY DOUBLE SCOOP CHOC DIPPED WAFFLE CONE when another DOUBLE SCOOP CHOC DIPPED WAFFLE CONE of equal or greater value is purchased,https://www.benandjerry.com.au/,""With over 20 """"legendairy"""" ice cream flavours to choose from, such as Choc Chip Cookie Dough, Strawberry Cheesecake, and New York Super Fudge Chunk! Also offering shakes, sundaes, baked goods, and delectable ice cream cakes. Visit one of the Ben & Jerry's scoop shops in Australia for the dessert equivalent of your dream summer holiday."",""• Surfers Paradise location is excluded from this offer";;
"• Available at participating Ben and Jerry's Scoop shops only! including Hoyts locations"",""410 Mains Road, Sunnybank QLD 4109, Australia"",Sunnybank,QLD,+61733399723,-27.569072,153.064548,https://www.entertainment.com.au/offer-details/0dd88e69-835c-4111-a8b2-f6b51ae1e5f1";;
"f9eb04a2-9b1c-4372-b1b4-07f6bc59b2f0,Informal Dining and Takeaway,Takeaway,Ben & Jerry's,One hand packed pint,""Buy one, get one free"",One COMPLIMENTARY HAND PACKED PINT when another HAND PACKED PINT of equal or greater value is purchased,https://www.benandjerry.com.au/,""With over 20 """"legendairy"""" ice cream flavours to choose from, such as Choc Chip Cookie Dough, Strawberry Cheesecake, and New York Super Fudge Chunk! Also offering shakes, sundaes, baked goods, and delectable ice cream cakes. Visit one of the Ben & Jerry's scoop shops in Australia for the dessert equivalent of your dream summer holiday."",""• Surfers Paradise location is excluded from this offer";;
"• Available at participating Ben and Jerry's Scoop shops only, including Hoyts locations"",""410 Mains Road, Sunnybank QLD 4109, Australia"",Sunnybank,QLD,+61733399723,-27.569072,153.064548,https://www.entertainment.com.au/offer-details/f9eb04a2-9b1c-4372-b1b4-07f6bc59b2f0";;
"524b941d-25b2-44db-8c1c-46e182d6853a,Informal Dining and Takeaway,Food and Drink,Banjo's Bakery Cafe,One bread product,""Buy one, get one free"",One complimentary BREAD PRODUCT when another BREAD PRODUCT of equal or greater value is purchased,https://banjos.com.au/,,,""17-25 Park Ridge Road, Park Ridge QLD 4125, Australia"",Park Ridge,QLD,+61742812820,-27.6992317,153.0408932,https://www.entertainment.com.au/offer-details/524b941d-25b2-44db-8c1c-46e182d6853a";;
"eba4e9cc-ab6d-4c7f-b022-58ea15ebf607,Informal Dining and Takeaway,Takeaway,The Cheesecake Shop AU,Up to $10,Enjoy 25% off,25% off the TOTAL BILL,https://www.cheesecake.com.au/,""Famous for their delicious range of cheesecakes, mudcakes, tortes and desserts, that are perfect for any occasion. Whether it is a quarter for a daily treat, dessert for the family or a special celebration cake for that important milestone, The Cheesecake Shop can help. Baked in-store, made with love, open 7 days. Visit www.cheesecake.com.au/find-bakery for your nearest bakery."",""• Offer is not available for vegan cakes, gluten free cakes and pre-order cakes";;
• Offer is redeemable in-store only and is not redeemable on The Cheesecake Shop website;;
• Not to be used with any other offer;;
"• Offer not available for use on public holidays/optional days as per Entertainment Rules of Use"",""Shop 6, 99 Wharf Street, Tweed Heads NSW 2485, Australia"",Tweed Heads,NSW,,-28.174524,153.541912,https://www.entertainment.com.au/offer-details/eba4e9cc-ab6d-4c7f-b022-58ea15ebf607";;
"a627d95c-06fa-4183-985a-c6c37ba0a7d7,Informal Dining and Takeaway,Takeaway,San Churro,Up to $20,""Buy one, get one free"",One complimentary Small Churros when another Small Churros of equal or greater value is purchased,https://www.sanchurro.com/,""San Churro is Australia's favourite chocolate café. Like the chocolaterias of Spain, San Churro is a place where friends can come together to share, celebrate and indulge! Enjoy Churros (Spanish doughnuts) made fresh-to-order, served with couverture chocolate, or decadent desserts, premium chocolate shakes, traditional Spanish hot chocolate, and more."",""• Buy One Get One Free Offer applies to full priced Small Churros For One, valid to redeem at any San Churro location for entertainment group customers.";;
• 100% discount is applied to the second Small Churros For One purchased within the same transaction.;;
• Extras charged at additional cost.;;
"• Not to be used in conjunction with any other offer or discount. Offer available in-store at the counter only, offer not available for delivery orders."",""47/48 Circle on Cavill, 3184 Surfers Paradise Boulevard, Surfers Paradise QLD 4217, Australia"",Surfers Paradise,QLD,+61755706019,-28.001194,153.428212,https://www.entertainment.com.au/offer-details/a627d95c-06fa-4183-985a-c6c37ba0a7d7";;
"7a6123b4-7f19-4111-94f7-fbc14773bc28,Informal Dining and Takeaway,Takeaway,Baskin-Robbins,One 1 scoop waffle cone,""Buy one, get one free"",One 1 SCOOP WAFFLE CONE when another 1 SCOOP WAFFLE CONE of equal or greater value is purchased,https://www.baskinrobbins.com.au/,,,""Tenancy 1, H-0 Village Square , 18  Commerce Drive, Browns Plains QLD 4118, Australia"",Browns Plains,QLD,,-28.120136,153.452311,https://www.entertainment.com.au/offer-details/7a6123b4-7f19-4111-94f7-fbc14773bc28";;
"6e23abe8-c94d-44f7-89d8-9a6792ec8f91,Informal Dining and Takeaway,Cafe,Coolabah Tree Cafe,One coffee,""Buy one, get one free"",One complimentary COFFEE when another COFFEE of equal or greater value is purchased,https://www.ctcafe.com.au/,Coolabah Tree Café offers a huge range of healthy burgers and delicious Barista made coffee. Visit our restaurant today with your friends & family for amazing fast food.,• (Valid for dine-in and takeaway),""227 Boundary Road, Goondiwindi QLD 4390, Australia"",Goondiwindi,QLD,,-28.52839724664084,150.31104696192628,https://www.entertainment.com.au/offer-details/6e23abe8-c94d-44f7-89d8-9a6792ec8f91";;
"622c9221-aec0-4432-8f60-1770b730cf07,Informal Dining and Takeaway,Takeaway,Royal Copenhagen,One ice cream cone,""Buy one, get one free"",One complimentary ICE CREAM CONE when another ICE CREAM CONE of equal or greater value is purchased,www.rcicecream.com.au,Freshly made premium ice cream in their original baked waffle cone. Free choc-dipping of your cone. Free cream and toppings.,""• Valid at QLD, NSW and SA stores only."",""Paradise Centre Shop 204, Corner Cavill Avenue and Paradise Centre, Surfers Paradise QLD 4217, Australia"",Surfers Paradise,QLD,,-28.001639,153.426776,https://www.entertainment.com.au/offer-details/622c9221-aec0-4432-8f60-1770b730cf07";;
"ecc0f3d8-c738-4ee5-b15d-6bfa19869e15,Informal Dining and Takeaway,Contemporary,Good Lookin Rooster,25% off,Enjoy 25% off,25% off the FAMILY FEEDER PACK,https://goodlookinrooster.com.au/,""We’re serious about chicken that delivers flavour in every bite. Our free range rotisserie chickens are seasoned with locally sourced ingredients then cooked to perfection. Our salads kick traditional ‘side dishes’ to the curb. Prepared daily with the best seasonal produce, this delicious range of green goodness takes fresh flavors to the next level. View the GLR menu and enjoy a new experience in chook and greens, without those fast food guilts."",""• Valid for dine-in and takeaway";;
"• Valid on all optional days"",""36 Baroona Road, Milton QLD 4064, Australia"",Milton,QLD,,-27.4683876,153.0023184,https://www.entertainment.com.au/offer-details/ecc0f3d8-c738-4ee5-b15d-6bfa19869e15";;
"4f572da9-dd22-486c-a162-5394ed579786,Informal Dining and Takeaway,Middleeastern,Yumm! Kebab,25% off,Enjoy 25% off,25% off the TOTAL BILL,https://yummkebabs.com.au/,""Fresh, Authentic, and Delicious!";;
;;
"At YUMM KEBAB, we provide high-quality meals and invite you to sample our delectable cuisine."",• Valid on food and drink,""328 Gympie Road, Strathpine QLD 4500, Australia"",Strathpine,QLD,+61738897882,-27.305867582618408,152.9885804491466,https://www.entertainment.com.au/offer-details/4f572da9-dd22-486c-a162-5394ed579786";;
"3ad43cfa-c665-40d9-899d-8733052c01b6,Informal Dining and Takeaway,Takeaway,Brooklyn Donut & Coffee Co,One hot beverage,""Buy one, get one free"",One complimentary HOT BEVERAGE when another HOT BEVERAGE of equal or greater value is purchased,,,,""Westfield Chermside, Corner Gympie Road & Hamilton Road, Chermside QLD 4032, Australia"",Chermside,QLD,+61730844530,-27.383201,153.031806,https://www.entertainment.com.au/offer-details/3ad43cfa-c665-40d9-899d-8733052c01b6";;
"6bcf9cee-0b7e-49b7-ab9c-d47b4f37bf06,Informal Dining and Takeaway,Takeaway,Brooklyn Donut & Coffee Co,One donut,""Buy one, get one free"",One complimentary DONUT when another DONUT of equal or greater value is purchased,,,,""Westfield Chermside, Corner Gympie Road & Hamilton Road, Chermside QLD 4032, Australia"",Chermside,QLD,+61730844530,-27.383201,153.031806,https://www.entertainment.com.au/offer-details/6bcf9cee-0b7e-49b7-ab9c-d47b4f37bf06";;
"623fc8c2-8981-48f6-a2b0-d33db842739b,Informal Dining and Takeaway,Cafe,Butter Meets Sugar,One new york cookie,""Buy one, get one free"",One complimentary NEW YORK COOKIE when another NEW YORK COOKIE of equal or greater value is purchased,https://www.buttermeetssugar.com.au/,,,""Shop 5, 112 Birkdale Road, Birkdale QLD 4159, Australia"",Birkdale,QLD,,-27.495144875100017,153.2123752975264,https://www.entertainment.com.au/offer-details/623fc8c2-8981-48f6-a2b0-d33db842739b";;
"1dbfdacc-2e30-430f-b3e1-c1ff321540a4,Informal Dining and Takeaway,Cafe,Butter Meets Sugar,One cupcake,""Buy one, get one free"",One complimentary CUPCAKE when another CUPCAKE of equal or greater value is purchased,https://www.buttermeetssugar.com.au/,,,""Shop 5, 112 Birkdale Road, Birkdale QLD 4159, Australia"",Birkdale,QLD,,-27.495144875100017,153.2123752975264,https://www.entertainment.com.au/offer-details/1dbfdacc-2e30-430f-b3e1-c1ff321540a4";;
"e7bd9b30-b8f3-456d-9a03-856e2ca4256c,Informal Dining and Takeaway,Takeaway,Carby's Bakehouse,One coffee,""Buy one, get one free"",One complimentary COFFEE when another COFFEE of equal or greater value is purchased,https://www.facebook.com/Carbys-Bakehouse-2023019284640175/,,,""153 Hamilton Road, Wavell Heights QLD 4012, Australia"",Wavell Heights,QLD,+61732665522,-27.389014,153.049245,https://www.entertainment.com.au/offer-details/e7bd9b30-b8f3-456d-9a03-856e2ca4256c";;
"b1aed4ab-0a71-45e4-a990-1fc8493ae02b,Informal Dining and Takeaway,Takeaway,Carby's Bakehouse,One bread loaf,""Buy one, get one free"",One complimentary BREAD LOAF when another BREAD LOAF of equal or greater value is purchased,https://www.facebook.com/Carbys-Bakehouse-2023019284640175/,,,""153 Hamilton Road, Wavell Heights QLD 4012, Australia"",Wavell Heights,QLD,+61732665522,-27.389014,153.049245,https://www.entertainment.com.au/offer-details/b1aed4ab-0a71-45e4-a990-1fc8493ae02b";;
"504b97ff-7952-4fc3-891d-5d485df42cf8,Informal Dining and Takeaway,Takeaway,Fresh Bite Health Bar,One coffee,""Buy one, get one free"",One complimentary COFFEE when another COFFEE of equal or greater value is purchased,https://www.freshbitebar.com.au/,,,""1/599  Brunswick Street, New Farm QLD 4005, Australia"",New Farm,QLD,+61416107870,-27.46296111853,153.04065826237314,https://www.entertainment.com.au/offer-details/504b97ff-7952-4fc3-891d-5d485df42cf8";;
"d73ce3d5-5bb4-49ce-a299-a5e7550008a5,Informal Dining and Takeaway,Contemporary,Good Lookin Rooster,One chicken roll,""Buy one, get one free"",One complimentary CHICKEN ROLL when another CHICKEN ROLL of equal or greater value is purchased,https://goodlookinrooster.com.au/,""We’re serious about chicken that delivers flavour in every bite. Our free range rotisserie chickens are seasoned with locally sourced ingredients then cooked to perfection. Our salads kick traditional ‘side dishes’ to the curb. Prepared daily with the best seasonal produce, this delicious range of green goodness takes fresh flavors to the next level. View the GLR menu and enjoy a new experience in chook and greens, without those fast food guilts."",""• Valid for dine-in and takeaway";;
"• Valid on all optional days"",""36 Baroona Road, Milton QLD 4064, Australia"",Milton,QLD,,-27.4683876,153.0023184,https://www.entertainment.com.au/offer-details/d73ce3d5-5bb4-49ce-a299-a5e7550008a5";;
"7462e74f-b0f6-4115-ae84-ea13e135ac09,Informal Dining and Takeaway,Cafe,Kova Coffee,One coffee,""Buy one, get one free"",One complimentary COFFEE when another COFFEE of equal or greater value is purchased,https://www.facebook.com/kovacoffeebne/,""Your local Brisbane coffee shop located on the north side, bringing you the best quality coffee."",""• When dining alone - ONE COFFEE at 50% off the regular price";;
• Valid for dine-in and takeaway;;
"• Valid on all optional days"",""734 Rode Road, Stafford QLD 4053, Australia"",Stafford,QLD,,-27.392281994894002,153.01201662741678,https://www.entertainment.com.au/offer-details/7462e74f-b0f6-4115-ae84-ea13e135ac09";;
"6567c646-71c8-4c24-9f71-542e62fd288f,Informal Dining and Takeaway,Takeaway,Milksha - Queensland,One wintermelon lemon juice,""Buy one, get one free"",Buy one Wintermelon Lemon Juice and receive another Wintermelon Lemon Juice for free,https://milksha.com.au/,""We are a bubble tea revolution. Using premium-quality milk and fresh ingredients, we strive to bring you the best bubble tea in Australia."",• Not redeemable during Public Holidays,""Shop 3, 14 Zamia Street, Sunnybank QLD 4109, Australia"",Sunnybank,QLD,,-27.5704469769992,153.06213249123,https://www.entertainment.com.au/offer-details/6567c646-71c8-4c24-9f71-542e62fd288f";;
"85c09cf3-d5b2-45ce-9018-baa915d6543d,Informal Dining and Takeaway,Asian,Noodle Box - Boondall,One serving of 4 spring rolls,""Buy one, get one free"",One complimentary SERVING OF 4 SPRING ROLLS when another SERVING OF 4 SPRING ROLLS of equal or greater value is purchased,https://www.conceptate.com.au/weborder/,,,""Shop 6, 2121 Sandgate Road, Boondall QLD 4034, Australia"",Boondall,QLD,+61738655975,-27.36385551666718,153.06228132881913,https://www.entertainment.com.au/offer-details/85c09cf3-d5b2-45ce-9018-baa915d6543d";;
"ebb1b786-0b0a-42a9-9f5a-cb9971f36af0,Informal Dining and Takeaway,Pubdining,Nosferatu Bar & Cafe,One nosferatu distillery gin and mixer,""Buy one, get one free"",One complimentary NOSFERATU DISTILLERY GIN AND MIXER when another NOSFERATU DISTILLERY GIN AND MIXER of equal or greater value is purchased,https://www.nosferatu.com.au/,""Set inside a romantic industrial-inspired shed surrounded by beautiful hanging garden beds and our picturesque gin distillery, our bar + cafe is a perfect spot for a delicious coffee during the day and a moody cocktail bar in the evening. Come drop by for a friendly vibe that welcomes anyone and everyone.????"",""• A Nosferatu Drink is GIN + mixer. Cocktails are not included in this offer.";;
"• Only valid after 10am as alcohol cannot be served before"",""26 Jaeys Street, Bowen Hills QLD 4006, Australia"",Bowen Hills,QLD,,-27.44951600513114,153.03625225642162,https://www.entertainment.com.au/offer-details/ebb1b786-0b0a-42a9-9f5a-cb9971f36af0";;
"3b9ea9f7-47d4-439b-93a0-da2ac504f150,Informal Dining and Takeaway,Pubdining,Nosferatu Bar & Cafe,One coffee,""Buy one, get one free"",One complimentary COFFEE when another COFFEE of equal or greater value is purchased,https://www.nosferatu.com.au/,,,""26 Jaeys Street, Bowen Hills QLD 4006, Australia"",Bowen Hills,QLD,,-27.44951600513114,153.03625225642162,https://www.entertainment.com.au/offer-details/3b9ea9f7-47d4-439b-93a0-da2ac504f150";;
"e0bbb95a-3737-4354-bc00-bf1649718223,Informal Dining and Takeaway,Casual,Syd's Pies & British Foods,One pie,""Buy one, get one free"",One complimentary PIE when another PIE of equal or greater value is purchased,https://www.sydspies.com.au/,,,""The Shops-Loganholme, 4059 Pacific Highway, Loganholme QLD 4129, Australia"",Loganholme,QLD,+61481234222,-27.68082421827739,153.1868800243551,https://www.entertainment.com.au/offer-details/e0bbb95a-3737-4354-bc00-bf1649718223";;
"eb91f0f6-cfae-45a9-92db-fbf1ee21e118,Informal Dining and Takeaway,Takeaway,Fresh Bite Health Bar,Up to $25,Enjoy 25% off,25% off the TOTAL BILL,https://www.freshbitebar.com.au/,,,""1/599  Brunswick Street, New Farm QLD 4005, Australia"",New Farm,QLD,+61416107870,-27.46296111853,153.04065826237314,https://www.entertainment.com.au/offer-details/eb91f0f6-cfae-45a9-92db-fbf1ee21e118";;
"91363b7e-b450-441b-817d-246fa7eef8d7,Informal Dining and Takeaway,Asian,Noodle Box - Boondall,Up to $25,Enjoy 25% off,25% off the TOTAL BILL,https://www.conceptate.com.au/weborder/,,,""Shop 6, 2121 Sandgate Road, Boondall QLD 4034, Australia"",Boondall,QLD,+61738655975,-27.36385551666718,153.06228132881913,https://www.entertainment.com.au/offer-details/91363b7e-b450-441b-817d-246fa7eef8d7";;
"139140c6-9acd-45a8-a756-c89f18a698e6,Informal Dining and Takeaway,European,Sweet Republick,Up to $25,Enjoy 25% off,25% off the TOTAL BILL,https://sweetrepublick.com.au/,""Sweet Republick is here to satisfy all of those cheeky dessert cravings! We’ve put our own creative spin on ice-creams, sundaes, milkshakes, desserts and so much more! Sweet, desirable & delicious… That’s our promise!"",• Not to be used in conjunction with any other offers/specials,""48 Victoria Street, Warwick QLD 4370, Australia"",Warwick,QLD,+61473088263,-28.21055506488915,152.03648293202062,https://www.entertainment.com.au/offer-details/139140c6-9acd-45a8-a756-c89f18a698e6";;
"c349d852-2e9a-4384-a320-118d145de09c,Informal Dining and Takeaway,Cafe,Charlie's Raw Squeeze,Up to $20,Enjoy 25% off,25% off the TOTAL BILL,https://www.rawsqueeze.com.au/,""Charlie's Raw Squeeze specialises in delivering seasonal, fresh, healthy, plant-based options for breakfast, lunch and dinner. Their passion is to educate customers about healthy living by delivering nutritious, wholesome, plant-based food. Offering juice, bowls, smoothies, salads, coffee, treats, ice cream, and gelato."",""• Valid for Dine-In";;
"• Entertainment’s dining offers are valid at all times throughout the year, except for a few days known as Optional Days. These days include: • All Official Australian Public Holidays • All Official New Zealand Public Holidays • Good Friday • Valentines Day • Mother’s Day • Father’s Day. All other Entertainment Offers are valid at all times."",""51 Old Cleveland Road, Greenslopes QLD 4120, Australia"",Greenslopes,QLD,+61731088831,-27.498831,153.045745,https://www.entertainment.com.au/offer-details/c349d852-2e9a-4384-a320-118d145de09c";;
"39b82af6-dc81-49a0-ab7c-e69e953872b5,Informal Dining and Takeaway,Cafe,Kova Coffee,Up to $20,Enjoy 25% off,25% off the TOTAL BILL,https://www.facebook.com/kovacoffeebne/,,,""734 Rode Road, Stafford QLD 4053, Australia"",Stafford,QLD,,-27.392281994894002,153.01201662741678,https://www.entertainment.com.au/offer-details/39b82af6-dc81-49a0-ab7c-e69e953872b5";;
"2271893d-04f5-4695-b35d-a49815eb77e1,Informal Dining and Takeaway,Cafe,Second Home Coffee,Up to $20,Enjoy 25% off,25% off the TOTAL BILL,https://secondhome.coffee/,,,""Unit 7 / 63  Bay Terrace, Wynnum QLD 4178, Australia"",Wynnum,QLD,,-27.44250036912264,153.1724709315218,https://www.entertainment.com.au/offer-details/2271893d-04f5-4695-b35d-a49815eb77e1";;
"7bb24479-d095-48b2-b9aa-43e64ee6fde1,Informal Dining and Takeaway,Casual,Syd's Pies & British Foods,Up to $20,Enjoy 25% off,25% off the TOTAL BILL,https://www.sydspies.com.au/,,,""The Shops-Loganholme, 4059 Pacific Highway, Loganholme QLD 4129, Australia"",Loganholme,QLD,+61481234222,-27.68082421827739,153.1868800243551,https://www.entertainment.com.au/offer-details/7bb24479-d095-48b2-b9aa-43e64ee6fde1";;
"261d7c56-abfe-47fb-99d7-53ca2d581c85,Informal Dining and Takeaway,Middleeastern,Yumm! Kebab,Up to $20,Enjoy 20% off,20% off the TOTAL BILL,https://yummkebabs.com.au/,""Fresh, Authentic, and Delicious!";;
;;
"At YUMM KEBAB, we provide high-quality meals and invite you to sample our delectable cuisine."",• Valid on food and drink,""328 Gympie Road, Strathpine QLD 4500, Australia"",Strathpine,QLD,+61738897882,-27.305867582618408,152.9885804491466,https://www.entertainment.com.au/offer-details/261d7c56-abfe-47fb-99d7-53ca2d581c85";;
"4ccd56f3-a1e6-43f4-9b53-5b872f5a2dd1,Informal Dining and Takeaway,Cafe,Charlie's Raw Squeeze,Up to $20,""Buy one, get one free"",One complimentary JUICE when another JUICE of equal or greater value is purchased,https://www.rawsqueeze.com.au/,""Charlie's Raw Squeeze specialises in delivering seasonal, fresh, healthy, plant-based options for breakfast, lunch and dinner. Their passion is to educate customers about healthy living by delivering nutritious, wholesome, plant-based food. Offering juice, bowls, smoothies, salads, coffee, treats, ice cream, and gelato."",""• Valid for Dine-In";;
"• Entertainment’s dining offers are valid at all times throughout the year, except for a few days known as Optional Days. These days include: • All Official Australian Public Holidays • All Official New Zealand Public Holidays • Good Friday • Valentines Day • Mother’s Day • Father’s Day. All other Entertainment Offers are valid at all times."",""51 Old Cleveland Road, Greenslopes QLD 4120, Australia"",Greenslopes,QLD,+61731088831,-27.498831,153.045745,https://www.entertainment.com.au/offer-details/4ccd56f3-a1e6-43f4-9b53-5b872f5a2dd1";;
"c1ee5a00-ea1b-47bb-a95b-9d13fe64584f,Informal Dining and Takeaway,Dessert,Yo Way Frozen Yogurt,Up to $20,""Buy one, get one free"",One complimentary FROZEN YOGURT when another FROZEN YOGURT of equal or greater value is purchased,https://yoway.com.au/,,,""Kessels Road, Upper Mount Gravatt QLD 4122, Australia"",Upper Mount Gravatt,QLD,+61395797493,-37.868489612985655,145.24087917243313,https://www.entertainment.com.au/offer-details/c1ee5a00-ea1b-47bb-a95b-9d13fe64584f";;
"04281be0-f289-4f03-89a1-cf110ed55abf,Informal Dining and Takeaway,Takeaway,Milksha - Queensland,Up to $10,Enjoy 25% off,25% off the TOTAL BILL,https://milksha.com.au/,,,""Shop 3, 14 Zamia Street, Sunnybank QLD 4109, Australia"",Sunnybank,QLD,,-27.5704469769992,153.06213249123,https://www.entertainment.com.au/offer-details/04281be0-f289-4f03-89a1-cf110ed55abf";;
"f0c5123b-b075-4dde-80ae-205142ed3df6,Informal Dining and Takeaway,Takeaway,Sweet & Bitter Co.,Up to $15,Enjoy 25% off,25% off the TOTAL BILL,https://www.sweetnbitter.com.au/,,,""LG 03, Queens Plaza, 226 Queen Street, Brisbane QLD 4000, Australia"",Brisbane,QLD,,-27.46721703235135,153.0261718926147,https://www.entertainment.com.au/offer-details/f0c5123b-b075-4dde-80ae-205142ed3df6";;
"b4e23ca8-02dc-4805-a672-ae4e10dce86a,Informal Dining and Takeaway,Cafe,Cafe 33,Up to $10,Enjoy 25% off,25% off the TOTAL BILL,,,,""33 Logan Road, Woolloongabba QLD 4102, Australia"",Woolloongabba,QLD,+61731624394,-27.487575030020846,153.03680405921307,https://www.entertainment.com.au/offer-details/b4e23ca8-02dc-4805-a672-ae4e10dce86a";;
"d10089de-5083-42a6-83d8-45939bdf1ec3,Informal Dining and Takeaway,Cafe,Cafe 33,Up to $10,""Buy one, get one free"",One complimentary HOT or COLD COFFEE or TEA when another  HOT or COLD COFFEE or TEA is purchased,,""Come relax with a coffee, smoothie or fresh juice and enjoy one of our beautiful salads, sweets, quiches or frittata’s, all made daily on site. Or create your own fresh sandwich or wrap. We also have All Day Breakfast and Lunch."",""• When dining alone - one HOT or COLD COFFEE or TEA at 50% off the regular price";;
"• Valid for dine-in and takeaway"",""33 Logan Road, Woolloongabba QLD 4102, Australia"",Woolloongabba,QLD,+61731624394,-27.487575030020846,153.03680405921307,https://www.entertainment.com.au/offer-details/d10089de-5083-42a6-83d8-45939bdf1ec3";;
"cc4232f3-12a9-41da-870d-46a394c6f7e8,Informal Dining and Takeaway,Cafe,Second Home Coffee,Up to $10,""Buy one, get one free"",One complimentary COFFEE when another COFFEE of equal or greater value is purchased,https://secondhome.coffee/,,,""Unit 7 / 63  Bay Terrace, Wynnum QLD 4178, Australia"",Wynnum,QLD,,-27.44250036912264,153.1724709315218,https://www.entertainment.com.au/offer-details/cc4232f3-12a9-41da-870d-46a394c6f7e8";;
"9f50a5f0-727c-4c01-8ec7-c00ff4d1bb4a,Informal Dining and Takeaway,Takeaway,Sweet & Bitter Co.,Up to $10,""Buy one, get one free"",One complimentary SIGNATURE HOT CHOCOLATE (12oz) when another SIGNATURE HOT CHOCOLATE (12oz) of equal or greater value is purchased,https://www.sweetnbitter.com.au/,,,""LG 03, Queens Plaza, 226 Queen Street, Brisbane QLD 4000, Australia"",Brisbane,QLD,,-27.46721703235135,153.0261718926147,https://www.entertainment.com.au/offer-details/9f50a5f0-727c-4c01-8ec7-c00ff4d1bb4a";;
"43abe96c-880b-4dfd-98a5-76221b328ea6,Informal Dining and Takeaway,Food and Drink,Crema Coffee Garage,One bag of coffee,""Buy one, get one free"",One complimentary BAG OF COFFEE when another BAG OF COFFEE of equal or greater value is purchased,https://www.cremacoffeehouse.com.au/,,,""240 South Pine Road, Enoggera QLD 4051, Australia"",Enoggera,QLD,1300137620,-27.417635,152.994749,https://www.entertainment.com.au/offer-details/43abe96c-880b-4dfd-98a5-76221b328ea6";;
"ee132a0c-b0c3-41cf-ad70-f4cabc97883a,Informal Dining and Takeaway,Casual,Grange Bowls Club,One coffee,""Buy one, get one free"",One complimentary COFFEE when another COFFEE of equal or greater value is purchased,https://www.grangethistle.com/bowls,""Built in 1944 The Grange Social Bowls Club is the ideal place to celebrate!  ";;
;;
Whether it's a birthday, anniversary, or corporate event, our club offers the perfect setting for a memorable gathering. ;;
;;
Our dedicated staff will work closely with you to customize your event, from intimate gatherings to larger parties, we have flexible spaces that can accommodate various group sizes. Whether you prefer an outdoor reception or an indoor celebration, we have the versatility to make your vision come to life. ;;
;;
With our weekly specials and monthly special events with food trucks, jumping castle and well-maintained facilities we provide a unique and charming venue that will impress your guests.  ;;
;;
"Make your next special occasion truly remarkable by choosing The Grange Social Bowls Club as your venue. Contact us today to discuss your requirements and let us help you create an unforgettable experience for you and your guests."",""• When dining alone - ONE COFFEE at 50% off the regular price";;
"• Valid for dine-in and takeaway"",""63 Sellheim Street, Grange QLD 4051, Australia"",Grange,QLD,,-27.424286458880353,153.0188171685991,https://www.entertainment.com.au/offer-details/ee132a0c-b0c3-41cf-ad70-f4cabc97883a";;
"d0a40799-689c-4a42-9750-2c53d8d4184f,Informal Dining and Takeaway,Takeaway,Stellarossa - Coffee,One coffee,""Buy one, get one free"",One complimentary COFFEE when another COFFEE of equal or greater value is purchased,https://www.stellarossa.com.au/,""It's all about the freshness of product. From the coffee through to their entire menu selection, Stellarossa strive for quality and value for money. Award-winning coffee. Skilled baristas. Convenient locations."",""• Limit one per customer per day";;
• Not valid in conjunction with other offers;;
"• Valid at all participating Stellarossa Locations."",""Tenancy 1, Bernoth Centre, 677 Ruthven Street, Toowoomba South QLD 4350, Australia"",Toowoomba South,QLD,+61746421140,-27.5730966,151.950895,https://www.entertainment.com.au/offer-details/d0a40799-689c-4a42-9750-2c53d8d4184f";;
"d43fba63-b7db-42e3-9a16-005feda74d5c,Informal Dining and Takeaway,Cafe,The Nurso,One hot drink,""Buy one, get one free"",One complimentary HOT DRINK when another HOT DRINK of equal or greater value is purchased,https://www.thenurso.au/,,,""1666 Old Cleveland Rd, Chandler QLD 4155, Australia"",Chandler,QLD,,-27.507996002141795,153.14658630006554,https://www.entertainment.com.au/offer-details/d43fba63-b7db-42e3-9a16-005feda74d5c";;
"b0b05590-20b6-4349-8316-4cff051e856c,Informal Dining and Takeaway,Pubdining,Archive Beer Boutique,50% off,Enjoy 50% off,50% off a PIZZA,www.archivebeerboutique.com.au,""Archive Beer Boutique is Brisbane's original craft beer bar featuring international + local craft beers, delicious food, live music, pool and arcade games, events and more."",""• Limit 1 per customer";;
"• Entertainment’s dining offers are valid at all times throughout the year, except for a few days known as Optional Days. These days include: • All Official Australian Public Holidays • All Official New Zealand Public Holidays • Good Friday • Valentines Day • Mother’s Day • Father’s Day. All other Entertainment Offers are valid at all times."",""100 Boundary Street, West End QLD 4101, Australia"",West End,QLD,+61738443419,-27.478955200217634,153.0126952672467,https://www.entertainment.com.au/offer-details/b0b05590-20b6-4349-8316-4cff051e856c";;
"21212c4f-972c-4243-b2e7-23ea90d7ddd9,Informal Dining and Takeaway,Italian,3 Black Bears,One pizza,""Buy one, get one free"",One complimentary PIZZA when another PIZZA of equal or greater value is purchased,https://www.3blackbears.com/,""When only the best pizza will do, head into the 3 Black Bears Pizza, now in 3 locations in Brisbane. A huge range of toppings to choose placed atop of a perfectly cooked crust will have the whole family satisfied. Created with fresh quality ingredients 3 Black Bears look forward to making you your next outstanding pizza to enjoy."",• Not to be used with any other promotion,""Shop 2, 1932 Logan Road, Upper Mount Gravatt QLD 4122, Australia"",Upper Mount Gravatt,QLD,+61731302933,-27.55755069496561,153.0810916262724,https://www.entertainment.com.au/offer-details/21212c4f-972c-4243-b2e7-23ea90d7ddd9";;
"340e5b64-f853-4a7d-bb12-866d0b3c24da,Informal Dining and Takeaway,Cafe,Cafetal Coffee Roasters,One coffee,""Buy one, get one free"",One complimentary COFFEE when another COFFEE of equal or greater value is purchased,https://cafetalroasters.com.au/,,,""15 Overend Street, East Brisbane QLD 4169, Australia"",East Brisbane,QLD,+61721047998,-27.48842060752306,153.04049582829384,https://www.entertainment.com.au/offer-details/340e5b64-f853-4a7d-bb12-866d0b3c24da";;
"7e215e16-801d-48ba-b936-4b402aadc053,Informal Dining and Takeaway,Cafe,Cambridge Lane Espresso + Kitchen,One coffee,""Buy one, get one free"",One complimentary COFFEE when another COFFEE of equal or greater value is purchased,,,,""61  Cambridge Pde, Manly QLD 4179, Australia"",Manly,QLD,,-27.45427022604912,153.18468867700477,https://www.entertainment.com.au/offer-details/7e215e16-801d-48ba-b936-4b402aadc053";;
"c4690e27-bdbd-4846-ab3e-452c91c8c729,Informal Dining and Takeaway,Japanese,Noodle Box - Chermside,One serve of 4 spring rolls,""Buy one, get one free"",one complimentary SERVE OF 4 SPRING ROLLS when another SERVE OF 4 SPRING ROLLS of equal or greater value is purchased,https://noodlebox.com.au/,,,""634 Gympie Road, Chermside QLD 4032, Australia"",Chermside,QLD,+61731612324,-27.391403,153.030885,https://www.entertainment.com.au/offer-details/c4690e27-bdbd-4846-ab3e-452c91c8c729";;
"7b03fa3b-7d4f-4d12-9856-d124e5057929,Informal Dining and Takeaway,Contemporary,The Cove Kitchen & Bar,One coffee,""Buy one, get one free"",One complimentary COFFEE when another COFFEE of equal or greater value is purchased,https://www.geebungrsl.com.au/thecove/,""The Cove Kitchen and Bar has changed the dining scene in Geebung.";;
;;
Our menu consists of a variety of mouthwatering dishes, share plates, specialty coffee & a selection of craft beer, wine and signature cocktails.;;
;;
With both indoor seating and al fresco dining options available, and a dining capacity of 170, The Cove Kitchen and Bar will be the place to be!;;
;;
Open early morning for coffees and grab and go breakie options;;
;;
Delicious Breakfast and Brunch Fare;;
;;
Mouthwatering Lunch and Dinner Fare;;
;;
Bar Menu – share plates, sliders etc;;
;;
"Takeaway Pizza - you will be spoilt for choice!"",""• Not to be used with any other offer";;
• Valid for Dine-In;;
"• Entertainment’s dining offers are valid at all times throughout the year, except for a few days known as Optional Days. These days include: • All Official Australian Public Holidays • All Official New Zealand Public Holidays • Good Friday • Valentines Day • Mother’s Day • Father’s Day. All other Entertainment Offers are valid at all times."",""323 Newman Road, Geebung QLD 4034, Australia"",Geebung,QLD,+61732653711,-27.370355387499373,153.04796511819828,https://www.entertainment.com.au/offer-details/7b03fa3b-7d4f-4d12-9856-d124e5057929";;
"9413c484-2760-46a3-bec1-8bc5778d98fa,Informal Dining and Takeaway,Contemporary,The Grove Sports Club,One coffee,""Buy one, get one free"",One complimentary COFFEE when another COFFEE of equal or greater value is purchased,https://fernygrovebowls.com.au/,,,""20 Tramway Street (cnr. of Samford Road), Ferny Grove QLD 4055, Australia"",Ferny Grove,QLD,+61738511889,-27.408803902453663,152.93913729112674,https://www.entertainment.com.au/offer-details/9413c484-2760-46a3-bec1-8bc5778d98fa";;
"435a7a3f-851f-4fa5-9fef-4c20cbbb3fa0,Informal Dining and Takeaway,Cafe,Thr33 Coffee,One coffee,""Buy one, get one free"",One complimentary COFFEE when another COFFEE of equal or greater value is purchased,https://www.thr33coffee.com/,Luxury Coffee Bar with a menu to compliment,• (Valid for dine-in and takeaway),""467 Underwood Road, Rochedale South QLD 4123, Australia"",Rochedale South,QLD,,-27.594990753003955,153.11519793889815,https://www.entertainment.com.au/offer-details/435a7a3f-851f-4fa5-9fef-4c20cbbb3fa0";;
"e76e8b8d-105f-454d-87bd-012e1b432909,Informal Dining and Takeaway,Takeaway,Coffee Iconic,Up to $10,""Buy one, get one free"",One complimentary COFFEE when another COFFEE of equal or greater value is purchased,https://coffeeiconiccafe.wixsite.com/home,,,""340 George Street, Brisbane QLD 4000, Australia"",Brisbane,QLD,+61732113040,-27.469175,153.021815,https://www.entertainment.com.au/offer-details/e76e8b8d-105f-454d-87bd-012e1b432909";;
"51ba2aa2-4586-4ef9-bea5-c12a860fc19c,Informal Dining and Takeaway,Takeaway,Flame Cafe & Kebab,Up to $10,""Buy one, get one free"",one complimentary HOT COFFEE when another HOT COFFEE of equal or greater value is purchased.,https://bopple.app/flame-cafe-and-kebab,,,""591 Wynnum Road, Morningside QLD 4170, Australia"",Morningside,QLD,+61731903371,-27.469002772788997,153.0708819841132,https://www.entertainment.com.au/offer-details/51ba2aa2-4586-4ef9-bea5-c12a860fc19c";;
"be3ad2a6-21eb-4c06-852d-b943ccf536e5,Informal Dining and Takeaway,Takeaway,Miss Claudes Crepes - South Brisbane,25% off,Enjoy 25% off,25% off the TOTAL BILL,https://www.missclaudes.com.au/,,,""33 Manning Street, South Brisbane QLD 4101, Australia"",South Brisbane,QLD,+61731568407,-27.47708104806863,153.01504750123473,https://www.entertainment.com.au/offer-details/be3ad2a6-21eb-4c06-852d-b943ccf536e5";;
"9c0d2dee-a335-433e-bdf3-19cd1180688a,Informal Dining and Takeaway,Takeaway,Noodle Talk,25% off,Enjoy 25% off,25% off the TOTAL BILL,https://noodletalk.business.site/,,""• This offer may be used when dining alone";;
"• Valid for dine-in and takeaway"",""2  Finucane Road, Capalaba QLD 4157, Australia"",Capalaba,QLD,+61732457601,-27.521735040648323,153.20196359525033,https://www.entertainment.com.au/offer-details/9c0d2dee-a335-433e-bdf3-19cd1180688a";;
"3c4f5aa2-6ea9-416b-ada7-1c569dba7248,Informal Dining and Takeaway,Cafe,Banta Coffee House,One coffee,""Buy one, get one free"",One complimentary COFFEE when another COFFEE of equal or greater value is purchased,https://bantercoffeehouse.com.au/,""At Banter we're passionate about great coffee, delicious breakfast & lunch and amazing service! Come on down and meet us!"",""• or when dining alone 50% off ONE COFFEE";;
"• Valid for dine-in and takeaway"",""Shop 1, 190 Radford Road, Manly West QLD 4179, Australia"",Manly West,QLD,+61468406012,-27.467245766362023,153.15404746877522,https://www.entertainment.com.au/offer-details/3c4f5aa2-6ea9-416b-ada7-1c569dba7248";;
"784ae975-d433-43c8-9592-b10d4c467940,Informal Dining and Takeaway,Cafe,Cafe Julz,One Coffee,""Buy one, get one free"",One complimentary COFFEE when another COFFEE of equal or greater value is purchased,https://www.facebook.com/cafejulz,,,""3/98 Bloomfield Street, Cleveland QLD 4163, Australia"",Cleveland,QLD,+61478789385,-27.527481411795147,153.2672388399404,https://www.entertainment.com.au/offer-details/784ae975-d433-43c8-9592-b10d4c467940";;
"5c2641da-4ddd-4bf8-9fe6-1f246a01ddf7,Informal Dining and Takeaway,Cafe,Cakes & Sh!t,One coffee,""Buy one, get one free"",One complimentary COFFEE when another COFFEE of equal or greater value is purchased,https://www.cakesandshit.com.au/,,,""233B Given Terrace, Paddington QLD 4064, Australia"",Paddington,QLD,,-27.461259433119466,153.00520403098366,https://www.entertainment.com.au/offer-details/5c2641da-4ddd-4bf8-9fe6-1f246a01ddf7";;
"7feb25a3-45e5-4f68-a6ac-287a82fe02d8,Informal Dining and Takeaway,Takeaway,Casa Di Louie,One coffee,""Buy one, get one free"",One complimentary COFFEE when another COFFEE of equal or greater value is purchased,https://casa-di-louie.business.site/,""Casa Di Louie vision is to capture the natural tastes and flavours of traditional Italian cuisine"; along with the skill and a passion to deliver an incomparable unique dining experience. Our vision is reflected in every dish presented at Casa Di Louie and is enhanced by purchasing only the freshest possible quality ingredients. A fully licensed venue with an extensive selection of wines, beer, spirits & cocktails. Ideal for any event;" Birthdays, Cocktail Parties, Group Functions, Private Dinners, Team Building Cooking Classes & catering. Being adaptable Louie can deliver the ultimate fine dining experience in the comfort of his restaurant/bar, your home or your venue of choice that will tantalise the taste buds of any of your guests."",• or when dining alone 50% off ONE COFFEE,""Shop 3, 190 Radford Road, Manly West QLD 4179, Australia"",Manly West,QLD,+61420783360,-27.467221482892,153.15453309761125,https://www.entertainment.com.au/offer-details/7feb25a3-45e5-4f68-a6ac-287a82fe02d8"
"ece7cf4f-87b6-45af-a056-19e4071925e1,Informal Dining and Takeaway,Cafe,Flowers by the Bay,One hot drink,""Buy one, get one free"",One complimentary HOT DRINK when another HOT DRINK of equal or greater value is purchased,https://www.flowersbythebay.com.au/,""We provide flowers for every occasion.  Flower arrangements as bouquets, boxed arrangements, vase arrangements, funeral/sympathy flowers, celebration flowers, corporate arrangements, table arrangements, formals and weddings. In store we also have a large range of artificial and dried flowers, plants, gift lines, candles, diffusers, snap button jewellery, soft toys, and cards. We have an in-store Coffee Cafe with barista coffees, speciality teas, milkshakes and thickshakes."",• Or when dining alone - one HOT DRINK at 50% off the regular price,""Shop 18 Eastside Village, 696 New Cleveland Road, Gumdale QLD 4154, Australia"",Gumdale,QLD,,-27.490213994446624,153.15179877843954,https://www.entertainment.com.au/offer-details/ece7cf4f-87b6-45af-a056-19e4071925e1";;
"51974f52-5726-4bc6-8771-190642d03430,Informal Dining and Takeaway,Cafe,Fraiche Deli,One coffee,""Buy one, get one free"",One complimentary COFFEE when another COFFEE of equal or greater value is purchased,,Wholesome tasty food made with love ?? Breakfast & lunch served using locally sourced ingredients Pouring incredible Veneziano Estate blend coffee ?.,• (Valid for dine-in and takeaway),""Shop 7, 158  Graceville Avenue, Graceville QLD 4075, Australia"",Graceville,QLD,,-27.522657383375655,152.98806297050942,https://www.entertainment.com.au/offer-details/51974f52-5726-4bc6-8771-190642d03430";;
"4196b30e-4f5a-4ece-955b-60749607b95e,Informal Dining and Takeaway,International,Fritzenberger - South Bank,One burger,""Buy one, get one free"",One complimentary BURGER when another BURGER of equal or greater value is purchased,https://fritzenberger.com/,,,""11-12 Little Stanley Street, South Brisbane QLD 4101, Australia"",South Brisbane,QLD,+61734850653,-27.4793944012619,153.02269099761153,https://www.entertainment.com.au/offer-details/4196b30e-4f5a-4ece-955b-60749607b95e";;
"f39ea976-b6ce-44ae-b1c4-31511846b534,Informal Dining and Takeaway,Cafe,Frontier Coffee House,One coffee,""Buy one, get one free"",One complimentary COFFEE when another COFFEE of equal or greater value is purchased,,""Frontier Coffee House has been operating in Capalaba for over 7 years. We have been under new management since 2020. We are a small family owned café focused on great customer service, great food and exceptional coffee. We use and support local suppliers and stock Dramanti Coffee beans. We hope to see you at the café soon."",""• or when dining alone, 50% off ONE COFFEE"",""145 Redland Bay Road, Capalaba QLD 4157, Australia"",Capalaba,QLD,,-27.532960312252154,153.19908295898284,https://www.entertainment.com.au/offer-details/f39ea976-b6ce-44ae-b1c4-31511846b534";;
"566da332-8ae4-43b9-8535-e798186337fb,Informal Dining and Takeaway,Takeaway,Joe Crow and Stormbird,One Coffee and cake,""Buy one, get one free"",One complimentary COFFEE AND CAKE when another COFFEE AND CAKE of equal or greater value is purchased,https://joecrowandstormbird.com.au/,,,""30 Albert Street, Shelly Beach QLD 4551, Australia"",Shelly Beach,QLD,+61415176646,-26.797465418247153,153.14525089745683,https://www.entertainment.com.au/offer-details/566da332-8ae4-43b9-8535-e798186337fb";;
"186e512c-0cce-4c1a-9ec4-e923fbb1e9f9,Informal Dining and Takeaway,Takeaway,Just Poppy's,One main menu item,""Buy one, get one free"",One complimentary MAIN MENU ITEM when another MAIN MENU ITEM of equal or greater value is purchased,justpoppys.com.au,,,""Shop 1, 12 Queen Street, Goodna QLD 4300, Australia"",Goodna,QLD,+61733766418,-27.611840404587383,152.89749343964297,https://www.entertainment.com.au/offer-details/186e512c-0cce-4c1a-9ec4-e923fbb1e9f9";;
"9c3efeda-b9a1-4e43-83fb-d14b115c7e61,Informal Dining and Takeaway,Takeaway,Kebab Corner,One soft drink,""Buy one, get one free"",One complimentary SOFT DRINK when another SOFT DRINK of equal or greater value is purchased,,,,""421 Brunswick Street, Fortitude Valley QLD 4006, Australia"",Fortitude Valley,QLD,+61737050351,-27.45870962669085,153.0360275582316,https://www.entertainment.com.au/offer-details/9c3efeda-b9a1-4e43-83fb-d14b115c7e61";;
"02debcdc-dc59-47c3-8f49-8b5ea546fb16,Informal Dining and Takeaway,Dessert,Lou Lou's Gelato Bar,One scoop,""Buy one, get one free"",One complimentary SCOOP when another SCOOP of equal or greater value is purchased.,https://www.facebook.com/LouLous-Ice-cream-coffee-traditional-sweet-shop-1716663298561814/,,,""Shop 10, The Pavilion, 79 Memorial Drive, Eumundi QLD 4562, Australia"",Eumundi,QLD,+61421705137,-26.477023051876316,152.95134996476577,https://www.entertainment.com.au/offer-details/02debcdc-dc59-47c3-8f49-8b5ea546fb16";;
"b8388909-7229-4ac2-a395-19b32226e269,Informal Dining and Takeaway,Cafe,Mermaids by the Bay,One coffee,""Buy one, get one free"",One complimentary COFFEE when another COFFEE of equal or greater value is purchased,https://facebook.com/Mermaids-By-The-Bay-608814525844012/,,,""2  Bayview Terrace, Deception Bay QLD 4508, Australia"",Deception Bay,QLD,,-27.185559793795623,153.03008265788074,https://www.entertainment.com.au/offer-details/b8388909-7229-4ac2-a395-19b32226e269";;
"a501c457-66d0-4176-83b4-85bbb43cc718,Informal Dining and Takeaway,Cafe,Miss Milly’s Espresso,One hot beverage,""Buy one, get one free"",One complimentary HOT BEVERAGE when another HOT BEVERAGE of equal or greater value is purchased,,The old DUDLEY ST crew are back at it!! Still serving up the same amazing coffee and delicious food…. Come and see us in our new space!,• Valid for dine-in and takeaway,""478 Ipswich Road, Annerley QLD 4103, Australia"",Annerley,QLD,,-27.51024074369419,153.03269499549648,https://www.entertainment.com.au/offer-details/a501c457-66d0-4176-83b4-85bbb43cc718";;
"c0ec90ae-1f4b-47dc-a88d-20c666b0193c,Informal Dining and Takeaway,Pubdining,On It Bar,One Schooner of Tap Beer,""Buy one, get one free"",One complimentary SCHOONER OF TAP BEER when another SCHOONER OR TAP BEER of greater or equal value is purchased,https://www.onitburgers.com/,""Your home away from home. Come and relax in the vintage lounges while your personalised bar tender creates drinks of your choice including cocktails, wine, boutique tap and craft beers."",• When dining alone - one SCHOONER OF TAP BEER at 50% off the regular price,""4 Wongabel Street, Kenmore QLD 4069, Australia"",Kenmore,QLD,+61478154621,-27.50887792958173,152.947967211024,https://www.entertainment.com.au/offer-details/c0ec90ae-1f4b-47dc-a88d-20c666b0193c";;
"b1a06944-34ac-4224-8cc7-45df095a2e5c,Informal Dining and Takeaway,Takeaway,One Table Cafe Kenmore,One hot beverage,""Buy one, get one free"",One complimentary HOT BEVERAGE when another HOT BEVERAGE of equal or greater value is purchased,https://kenmore.church/onetable,,,""41 Brookfield Road, Kenmore QLD 4069, Australia"",Kenmore,QLD,+61422504069,-27.50523098385991,152.9358685411026,https://www.entertainment.com.au/offer-details/b1a06944-34ac-4224-8cc7-45df095a2e5c";;
"3c1908a0-5967-495b-a55d-708022756000,Informal Dining and Takeaway,Cafe,Oso Espresso,One hot drink,""Buy one, get one free"",One complimentary HOT DRINK when another HOT DRINK of equal or greater value is purchased,https://osoespresso.au/,,,""116 Wellington Street, Ormiston QLD 4160, Australia"",Ormiston,QLD,,-27.511621600668885,153.25601464714364,https://www.entertainment.com.au/offer-details/3c1908a0-5967-495b-a55d-708022756000";;
"bfa01d08-de6b-4050-b764-93a0aaecfb2c,Informal Dining and Takeaway,Takeaway,Piccolo Coffee Co,One Hot Beverage,""Buy one, get one free"",One complimentary HOT BEVERAGE when another HOT BEVERAGE of equal or greater value is purchased,https://www.facebook.com/piccolocoffeecoaustralia/,,,""Shop 6, 17 Samuel Street, Camp Hill QLD 4152, Australia"",Camp Hill,QLD,+61405547471,-27.50059057498406,153.07612853980126,https://www.entertainment.com.au/offer-details/bfa01d08-de6b-4050-b764-93a0aaecfb2c";;
"460fe340-9ad2-4316-b608-a997c06cfc7b,Informal Dining and Takeaway,Cafe,Pumpkin & Popcorn Party Venue & Cafe,One coffee,""Buy one, get one free"",One COFFEE when another COFFEE of equal or greater value is purchased,https://www.pumpkinandpopcorn.com.au/,,,""Shop 3, 1304 Old Cleveland Road, Carindale QLD 4152, Australia"",Carindale,QLD,+61400502951,-27.50090775401824,153.11632488520345,https://www.entertainment.com.au/offer-details/460fe340-9ad2-4316-b608-a997c06cfc7b";;
"3b7650f6-6c15-4b45-90ca-85bab42112da,Informal Dining and Takeaway,Contemporary,Silky Oak Espresso,One coffee,""Buy one, get one free"",One complimentary COFFEE when another COFFEE of equal or greater value is purchased,https://www.facebook.com/silkyoakespresso/,,,""46 Ainsdale Street, Chermside West QLD 4032, Australia"",Chermside West,QLD,,-27.388413472444373,153.00946316836675,https://www.entertainment.com.au/offer-details/3b7650f6-6c15-4b45-90ca-85bab42112da";;
"354d3298-27e0-4b81-96d4-d864513496cd,Informal Dining and Takeaway,Dessert,Summit Real Icecream & Gelato,One scoop,""Buy one, get one free"",One complimentary SCOOP when another SCOOP of equal or greater value is purchased.,https://www.onitburgers.com/shop/category/premium-ice-cream-gelato-103,""Premium Icecream, Gelato, Sorbet and vegan Icecream."",• When dining alone - one SCOOP at 50% off the regular price,""Shop 2, 4 Wongabel Street, Kenmore QLD 4069, Australia"",Kenmore,QLD,+61478154621,-27.50893502452226,152.94803158403792,https://www.entertainment.com.au/offer-details/354d3298-27e0-4b81-96d4-d864513496cd";;
"8f30e912-d0a8-4c07-84f5-cae1ecb0d8a9,Informal Dining and Takeaway,Contemporary,Sunny Side Sandwiches,One sandwich,""Buy one, get one free"",One complimentary Any SANDWICH when another Any SANDWICH of equal or greater value is purchased,https://www.eatsunnyside.com.au/,,,""173a  Latrobe Terrace, Paddington QLD 4064, Australia"",Paddington,QLD,,-27.45821131571707,152.99436457587342,https://www.entertainment.com.au/offer-details/8f30e912-d0a8-4c07-84f5-cae1ecb0d8a9";;
"8c0ac588-d1d0-45d7-9e38-da417bac1225,Informal Dining and Takeaway,Takeaway,The Cheeky Bean Espresso Bar,One coffee,""Buy one, get one free"",One complimentary COFFEE when another COFFEE of equal or greater value is purchased,https://www.cheekybean.com.au/,,,""Montague Market, Shop 12/ 405 Montague Road, West End QLD 4101, Australia"",West End,QLD,1800331214,-27.48580130000327,153.00141504107532,https://www.entertainment.com.au/offer-details/8c0ac588-d1d0-45d7-9e38-da417bac1225";;
"3cb346cf-f342-4960-b2e4-3950d010f450,Informal Dining and Takeaway,Takeaway,The Eclectic Mix - Vintage - Upcycled - New,One Hot Beverage,""Buy one, get one free"",One complimentary HOT BEVERAGE when another HOT BEVERAGE of equal or greater value is purchased,https://www.facebook.com/Theeclecticmix/,,,""Shop 3, 65 Edith Street, Wynnum QLD 4178, Australia"",Wynnum,QLD,+61407023935,-27.44448215457951,153.17354496877468,https://www.entertainment.com.au/offer-details/3cb346cf-f342-4960-b2e4-3950d010f450";;
"ff75dde6-8c51-4582-a370-0f7a1ab11145,Informal Dining and Takeaway,Cafe,The Hide Green Cafe,One Coffee,""Buy one, get one free"",One complimentary COFFEE when another COFFEE of equal or greater value is purchased,,,,""200 Preston Road, Manly West QLD 4179, Australia"",Manly West,QLD,+61731133449,-27.454736856164033,153.16817826876888,https://www.entertainment.com.au/offer-details/ff75dde6-8c51-4582-a370-0f7a1ab11145";;
"afce23fd-0a1a-4ab3-8814-d7831c8e816a,Informal Dining and Takeaway,Cafe,The Pallet Espresso Bar,One hot beverage,""Buy one, get one free"",One complimentary HOT BEVERAGE when another HOT BEVERAGE of equal or greater value is purchased,,,,""2/161-163 Brisbane Road, Mooloolaba QLD 4557, Australia"",Mooloolaba,QLD,+61487342172,-26.691279,153.115464,https://www.entertainment.com.au/offer-details/afce23fd-0a1a-4ab3-8814-d7831c8e816a";;
"e21c45a1-14a1-487c-9e24-72d3a56fe6a4,Informal Dining and Takeaway,Cafe,The Shed,One hot drink,""Buy one, get one free"",One complimentary HOT DRINK when another HOT DRINK of equal or greater value is purchased,https://www.facebook.com/profile.php?id=100088145566871,,,""Behind Cultivate Design Co Shop 2, 116  Bay Terrace, Wynnum QLD 4178, Australia"",Wynnum,QLD,,-27.44386697042019,153.17411613820707,https://www.entertainment.com.au/offer-details/e21c45a1-14a1-487c-9e24-72d3a56fe6a4";;
"050da0be-d908-410e-b0c6-ec681588758e,Informal Dining and Takeaway,Cafe,Thistle Espresso,One hot drink,""Buy one, get one free"",One complimentary HOT DRINK when another HOT DRINK of equal or greater value is purchased,https://thistleespresso.com.au/,,,""Shop 4 / 2 Panorama Drive, Thornlands QLD 4164, Australia"",Thornlands,QLD,,-27.548508963637264,153.26518355652465,https://www.entertainment.com.au/offer-details/050da0be-d908-410e-b0c6-ec681588758e";;
"688a9d30-a921-4537-9203-96ee562eccc0,Informal Dining and Takeaway,Cafe,Ungermann Brothers,Up to $25,""Buy one, get one free"",One complimentary ICE CREAM when another ICE CREAM of equal or greater value is purchased.,http://ungermannbrothers.com.au/,,,""126 Brisbane Street, Ipswich QLD 4305, Australia"",Ipswich,QLD,+61459535756,-27.61401298747242,152.75766815184477,https://www.entertainment.com.au/offer-details/688a9d30-a921-4537-9203-96ee562eccc0";;
"32880e0a-ab3b-47fe-948c-2ee6e753ff34,Informal Dining and Takeaway,Italian,Miltonio West End,Up to $30,Enjoy 25% off,25% off the TOTAL BILL,https://pizzamiltonio.com.au/west-end/,,,""3/235 Boundary Street, West End QLD 4101, Australia"",West End,QLD,+61738448118,-27.482640032826595,153.01163211518133,https://www.entertainment.com.au/offer-details/32880e0a-ab3b-47fe-948c-2ee6e753ff34";;
"1870642e-5e57-4fb2-8229-286d95a970b8,Informal Dining and Takeaway,Italian,Pizza Miltonio,Up to $30,Enjoy 25% off,25% off the TOTAL BILL,https://www.pizzamiltonio.com.au/,,,""36 Baroona Road, Milton QLD 4064, Australia"",Milton,QLD,+61733682144,-27.468447,153.002404,https://www.entertainment.com.au/offer-details/1870642e-5e57-4fb2-8229-286d95a970b8";;
"0e122e0f-179a-46d4-a22e-ded97b628e78,Informal Dining and Takeaway,Cafe,Bey Lane,Up to $25,Enjoy 25% off,25% off the TOTAL BILL,www.roseroombrisbane.co/cafe,""Bey Lane is our laneway Cafe where you can grab a coffee and a snack on the go. Enjoy our freshly baked muffin of the day, or a Turkish Simit Bagel, Toasty goods to start your day."",• Not to be used with any other offer,""14-20 Constance Street, Fortitude Valley QLD 4006, Australia"",Fortitude Valley,QLD,,-27.456246817546457,153.0363350966393,https://www.entertainment.com.au/offer-details/0e122e0f-179a-46d4-a22e-ded97b628e78";;
"211f17a4-175e-4bcc-b0cb-5474bc9560a9,Informal Dining and Takeaway,Indian,Kolapasi Brisbane,Up to $25,Enjoy 25% off,25% off the TOTAL BILL,https://www.kolapasi-brisbane.au/?utm_campaign=gbp-website-link&utm_id=campaign%20ID&utm_medium=organic&utm_source=Google%20,""Kolapasi is how we say """"Hungry"""" in South India. Our authentic dishes handcrafted with love takes you on a journey to explore the cuisine of South India, where incredible flavours blend together wonderfully along with the stories behind them."",• Not available for online ordering. Redeem In Store only.,""Shop 13, 24 Martin Street, Fortitude Valley QLD 4006, Australia"",Fortitude Valley,QLD,+61479071293,-27.460415811782088,153.03690727168896,https://www.entertainment.com.au/offer-details/211f17a4-175e-4bcc-b0cb-5474bc9560a9";;
"96cea7eb-533a-4207-b7df-b6acaf4468d4,Informal Dining and Takeaway,Takeaway,Love Juice Superfood Bar,Up to $25,Enjoy 25% off,25% off the TOTAL BILL,https://www.lovejuicesuperfoodbar.com.au/menu,""EVERYTHING is prepared fresh in store";" made to order cold pressed juice, smoothies, acai bowls, and our raw and baked treats. We are passionate about health and creating beautiful food with the very best fresh and nutritious ingredients. Our bowls are blended fresh with real fruit - no concentrates or artificial anything is added and our house made gluten free granola is the best you will find."",""• Valid for dine-in and takeaway";
"• Not to be used in conjunction with any other offers"",""Shop 7, 18-24 Middle Street, Cleveland QLD 4163, Australia"",Cleveland,QLD,,-27.525346266241456,153.2652241534322,https://www.entertainment.com.au/offer-details/96cea7eb-533a-4207-b7df-b6acaf4468d4";;
"a94de985-d1d8-4f1c-a118-d50f2f370a3f,Informal Dining and Takeaway,Takeaway,Miss Sophia's Gelateria,Up to $25,Enjoy 25% off,25% off the TOTAL BILL,https://www.misssophias.com.au/,""Gelato done right! Miss Sophia’s Gelateria makes their gelato in house and offers a huge range of flavours that change daily. From vegan pina colada, to rocky road, fruitloops, milo and any flavour you can think of, Miss Sophia’s Gelateria is an ice cream lover’s dream! Open daily from 12pm to 10pm."",• Offer is not valid on Gelato Cakes,""240 Stafford Road, Stafford QLD 4053, Australia"",Stafford,QLD,+61733571667,-27.411052476349017,153.01989804416817,https://www.entertainment.com.au/offer-details/a94de985-d1d8-4f1c-a118-d50f2f370a3f";;
"9158c2a2-29d4-4f3d-8763-c3c13f118fbb,Informal Dining and Takeaway,Italian,Smoky Pizza Woodfired,Up to $25,Enjoy 25% off,25% off the TOTAL BILL,https://smokypizzawoodfired-kedron.com.au/,,,""1a/385  Gympie Road, Kedron QLD 4031, Australia"",Kedron,QLD,+61733590000,-27.403014215708495,153.0320904491666,https://www.entertainment.com.au/offer-details/9158c2a2-29d4-4f3d-8763-c3c13f118fbb";;
"a472fc0d-dbd3-446f-8039-fbdf07564477,Informal Dining and Takeaway,Mexican,Zambrero - Coolum,Up to $25,Enjoy 25% off,25% off the TOTAL BILL,https://www.zambrero.com.au/,""Zambrero is """"Mexican with a Mission"""" – a healthy, quick-service restaurant franchise, and humanitarian enterprise committed to tackling world hunger, through its Plate 4 Plate initiative. Zambrero's menu is healthy, modern Mexican, with burritos, tacos, nachos and quesadillas, all made with the freshest ingredients, and fresh ideas."",• Not to be used in conjunction with any other offers/specials,""Unit 2/1796 David Low Way, Coolum Beach QLD 4573, Australia"",Coolum Beach,QLD,,-26.52971219648664,153.0909532846603,https://www.entertainment.com.au/offer-details/a472fc0d-dbd3-446f-8039-fbdf07564477";;
"11704fb6-2253-489f-bb9a-70805366e963,Informal Dining and Takeaway,Mexican,California Taco's,Up to $25,""Buy one, get one free"",One complimentary MARGARITA when another MARGARITA of equal or greater value is purchased,https://www.californiatacos.com.au/,,,""120  Boundary Street, West End QLD 4101, Australia"",West End,QLD,,-27.479692646929898,153.0124995685738,https://www.entertainment.com.au/offer-details/11704fb6-2253-489f-bb9a-70805366e963";;
"5e602b22-46b7-4613-b7eb-7d981814bc2b,Informal Dining and Takeaway,Middleeastern,AC Village Kebab and Pizza,Up to $20,Enjoy 25% off,25% off the TOTAL BILL,https://acvillagekebabandpizza.bitebusiness.com/,,,""Shop 27 / 700 Albany Creek Road, Albany Creek QLD 4035, Australia"",Albany Creek,QLD,+61466884894,-27.346413891739182,152.96908122544895,https://www.entertainment.com.au/offer-details/5e602b22-46b7-4613-b7eb-7d981814bc2b";;
"b340ef96-c71d-44dc-9576-88295bd896d4,Informal Dining and Takeaway,Cafe,Carport Cafe Wynnum,Up to $20,Enjoy 25% off,25% off the TOTAL BILL,,,,""1 / 137   Glenora Street, Wynnum QLD 4178, Australia"",Wynnum,QLD,+61731892838,-27.437437817400713,153.1654428891924,https://www.entertainment.com.au/offer-details/b340ef96-c71d-44dc-9576-88295bd896d4";;
"61dc61bb-36ee-48c9-8621-146240c360ee,Informal Dining and Takeaway,Cafe,Evolution Espresso,Up to $20,Enjoy 25% off,25% off the TOTAL BILL,,""An offshoot of Solid Ground Roasters, Evolution Espresso offers fantastic coffee and home baked goodies with a smile! The small, independent and locally owned espresso bar's team are passionate about providing you with sustainably sourced coffee and carefully crafted treats."",• Not available on Coffee Beans or Merchandise,""Shop 14, 18 University Way, Sippy Downs QLD 4556, Australia"",Sippy Downs,QLD,,-26.717521,153.049437,https://www.entertainment.com.au/offer-details/61dc61bb-36ee-48c9-8621-146240c360ee";;
"c83c9a96-bd72-4982-8383-387163064b8b,Informal Dining and Takeaway,Takeaway,Fish’N,Up to $20,Enjoy 25% off,25% off the TOTAL BILL,https://www.facebook.com/fishnbellsbeach/,,,""184 Hornibrook Esplanade, Clontarf QLD 4019, Australia"",Clontarf,QLD,+61732831618,-27.255831092656567,153.09157557791156,https://www.entertainment.com.au/offer-details/c83c9a96-bd72-4982-8383-387163064b8b";;
"31a2fece-378b-40fd-8781-e23a4172ac18,Informal Dining and Takeaway,Cafe,Oats & Sky,Up to $20,Enjoy 25% off,25% off the TOTAL BILL,https://www.oatsandsky.com/,,,""2/79 Oateson Skyline Drive, Seven Hills QLD 4170, Australia"",Seven Hills,QLD,,-27.482580753542134,153.0763493839412,https://www.entertainment.com.au/offer-details/31a2fece-378b-40fd-8781-e23a4172ac18";;
"7c7d4728-cff2-4281-a0a8-e42e956aae39,Informal Dining and Takeaway,Takeaway,Pressi Juices,Up to $20,Enjoy 25% off,25% off the TOTAL BILL,,,,""22 McLachlan St, Shop 1 California Lane, Fortitude Valley QLD 4006, Australia"",Fortitude Valley,QLD,,-27.45864466188337,153.0357499160565,https://www.entertainment.com.au/offer-details/7c7d4728-cff2-4281-a0a8-e42e956aae39";;
"130de557-3662-4ba1-adc3-e0c6ab57327e,Informal Dining and Takeaway,Cafe,Roof Cafe Co,Up to $20,Enjoy 25% off,25% off the TOTAL BILL,https://www.roofcafeco.com/,""Welcome to our coffee shop. We are a locally owned and operated business, dedicated to providing our customers with the highest quality coffee and exceptional customer service. Our shop is a warm and inviting space where you can relax and enjoy a cup of coffee or grab a quick pick-me-up on your way to work."",""• This offer may also be used when dining alone";;
"• Valid for dine-in and takeaway"",""1/1 George Thorn Drive, Thornlands QLD 4164, Australia"",Thornlands,QLD,,-27.55642730466472,153.27532143976669,https://www.entertainment.com.au/offer-details/130de557-3662-4ba1-adc3-e0c6ab57327e";;
"05ee7bd3-aedb-4ad7-adef-56695800f9c5,Informal Dining and Takeaway,Asian,Teaology Lab,Up to $20,Enjoy 25% off,25% off the TOTAL BILL,https://www.teaologylab.com.au/,""Teaology Lab in South Brisbane, QLD is a wonderful place to go for refreshing bubble tea, milk tea, and cold brew coffee! At Teaology Lab, we offer a selection of drinks that will definitely satisfy your bubble tea cravings. Try our special Thai Milk tea and Lemongrass tea and add some toppings like pearls or grass jelly! We specialise in serving fresh teas such as brewed tea, milk tea, tea latte, and fruit teas. But we also serve cold brew coffee for all of our coffee lovers!"",""• Cash or card payment only via store eftpos machine";;
"• Offer applies to Drinks Only - merchandise not included"",""102/125 Melbourne Street, South Brisbane QLD 4101, Australia"",South Brisbane,QLD,,-27.4750753427404,153.0152498974354,https://www.entertainment.com.au/offer-details/05ee7bd3-aedb-4ad7-adef-56695800f9c5";;
"9d8efdf2-20c5-4472-a2d8-454f7c6fae28,Informal Dining and Takeaway,Indian,Touch Of India,Up to $20,Enjoy 25% off,25% off the TOTAL BILL,https://www.touchofindia.com.au/,,,""Kessels Rd, Upper Mount Gravatt QLD 4122, Australia"",Upper Mount Gravatt,QLD,+61449907770,-27.563426701920026,153.08349453696118,https://www.entertainment.com.au/offer-details/9d8efdf2-20c5-4472-a2d8-454f7c6fae28";;
"860b9ee7-dbf0-49e8-974c-063724a98957,Informal Dining and Takeaway,Cafe,Acai Bros Victoria Point,Up to $15,Enjoy 25% off,25% off SPECIALITY BOWLS,https://acaibrothers.com/,""Acai Brothers are Australia’s leading Superfood Bar franchise and have become internationally recognised for their innovation within the hospitality realm. Specialising in Acai Bowls, Smoothies, Juices, Coffee and more, Acai Brothers have become widely renowned for creating delicious and affordable healthy food options.";;
"Grounded within health and fitness, Acai Brothers were motivated to create a brand that not only supplied their customers with a healthy way to eat out, but one that encompassed and embodied important qualities such as community, lifestyle and fitness."",• Offer available on Speciality Bowls only.,""2/349 Colburn Avenue, Victoria Point QLD 4165, Australia"",Victoria Point,QLD,,-27.585689952777575,153.28260771219874,https://www.entertainment.com.au/offer-details/860b9ee7-dbf0-49e8-974c-063724a98957";;
"d54dd450-9dbd-4934-a31d-f5fba7b01855,Informal Dining and Takeaway,Cafe,Moreish Cafe,Up to $10,Enjoy 25% off,25% off the TOTAL BILL,https://www.moreish-cafe.com/,""While our coffee flavour is set apart from others, we also appreciate the effect one cup can have on a person's day. Therefore, we pride ourselves on providing not only quality coffee but positive and enjoyable experience. Our dedicated baristas have a customer focused approach to deliver the best service in town."",""• This offer may also be used when dining alone";;
"• Valid for dine-in and takeaway"",""2 / 397 Logan Rd, Greenslopes QLD 4120, Australia"",Greenslopes,QLD,+61731720655,-27.499863582832102,153.04553224404347,https://www.entertainment.com.au/offer-details/d54dd450-9dbd-4934-a31d-f5fba7b01855";;
"78eb38c4-fc51-4bc1-80db-b2a8b05a7af1,Informal Dining and Takeaway,Cafe,Double Maker Coffee,Up to $10,""Buy one, get one free"",One complimentary COFFEE when another COFFEE of equal or greater value is purchased,https://www.facebook.com/DoubleMakerCoffee/,,,""126 Margaret Street, Brisbane QLD 4000, Australia"",Brisbane,QLD,+6173211304,-27.47293540000944,153.02764724664462,https://www.entertainment.com.au/offer-details/78eb38c4-fc51-4bc1-80db-b2a8b05a7af1";;
"8fe59794-c8d5-4110-9298-9889e56933ce,Informal Dining and Takeaway,Casual,Cheeky Chookz,Up to $15,""Buy one, get one free"",One complimentary HALF CHICKEN when any FAMILY PACK of equal or greater value is purchased.,https://cheekychookz.com/,,,""503-507 Warwick Road, Yamanto QLD 4305, Australia"",Yamanto,QLD,+61721014666,-27.659750202212425,152.7395311555113,https://www.entertainment.com.au/offer-details/8fe59794-c8d5-4110-9298-9889e56933ce";;
"f5438cdb-8488-46f5-a60c-4fc7d3fc4da1,Informal Dining and Takeaway,Casual,Cheeky Chookz,Up to $16,""Buy one, get one free"",One complimentary 1/4 CHICKEN and CHIPS when any CHICKEN MEAL of equal or greater value is purchased.,https://cheekychookz.com/,,,""503-507 Warwick Road, Yamanto QLD 4305, Australia"",Yamanto,QLD,+61721014666,-27.659750202212425,152.7395311555113,https://www.entertainment.com.au/offer-details/f5438cdb-8488-46f5-a60c-4fc7d3fc4da1";;
"573ae970-7784-43cd-880f-f7455354d3a0,Informal Dining and Takeaway,Cafe,Chef n Fire,Up to $40,Enjoy 25% off,25% off the TOTAL BILL,,""Our Chef N Fire is one of the café, Breakfast, Australian restaurant in Helensvale, QLD which is well known for the specialized dishes such as Breakfast, Entree, Mains, Burgers, Chef's Platter, From The Grill, Bread/ Rice, Sides, Pasta & Gnocchi, Hot Coffee, Cold Coffe, Fresh Juices (Made To Order), Smoothies, Milkshakes, Soft Drinks, Desserts, Kids Menu, That Snacky Feeling and a lot more. We serve and present our delicious food with great pleasure and practice to make your meal and time prominently enjoyable."",""• Valid for Dine-In";;
• Not to be used in conjunction with any other offers.;;
"• Entertainment’s dining offers are valid at all times throughout the year, except for a few days known as Optional Days. These days include: • All Official Australian Public Holidays • All Official New Zealand Public Holidays • Good Friday • Valentines Day • Mother’s Day • Father’s Day. All other Entertainment Offers are valid at all times."",""20 Siganto Drive, Helensvale QLD 4212, Australia"",Helensvale,QLD,+61402778336,-27.903832710987842,153.3175048,https://www.entertainment.com.au/offer-details/573ae970-7784-43cd-880f-f7455354d3a0";;
"9708cc98-7a2b-4980-85ad-33fe68afdc2b,Informal Dining and Takeaway,Takeaway,Super Combo Burgers,Up to $25,Enjoy 25% off,25% off the TOTAL BILL,,,,""Shop 1B, 20 King Street, Bowen Hills QLD 4006, Australia"",Bowen Hills,QLD,+61732527755,-27.452373424401046,153.0337994391845,https://www.entertainment.com.au/offer-details/9708cc98-7a2b-4980-85ad-33fe68afdc2b";;
"cdf6fbf3-e2db-4b37-828e-ba236968d919,Informal Dining and Takeaway,Takeaway,Yum Char,Up to $25,Enjoy 25% off,25% off the TOTAL BILL,,,,""Shop 4, 20 King Street, Bowen Hills QLD 4006, Australia"",Bowen Hills,QLD,+61403373397,-27.452244803507313,153.033643210349,https://www.entertainment.com.au/offer-details/cdf6fbf3-e2db-4b37-828e-ba236968d919";;
